<?xml version="1.0" encoding="UTF-8"?>
<project-private xmlns="http://www.netbeans.org/ns/project-private/1">
    <editor-bookmarks xmlns="http://www.netbeans.org/ns/editor-bookmarks/2" lastBookmarkId="0"/>
    <open-files xmlns="http://www.netbeans.org/ns/projectui-open-files/2">
        <group>
            <file>file:/F:/TERCER%20SEMESTRE/Estructura/Codigos/U1Lab2_GualpaMathias/U1Lab2_GualpaMathias/src/u1lab2_gualpamathias/Restaurante.java</file>
            <file>file:/F:/TERCER%20SEMESTRE/Estructura/Codigos/U1Lab2_GualpaMathias/U1Lab2_GualpaMathias/src/u1lab2_gualpamathias/Producto.java</file>
            <file>file:/F:/TERCER%20SEMESTRE/Estructura/Codigos/U1Lab2_GualpaMathias/U1Lab2_GualpaMathias/src/u1lab2_gualpamathias/U1Lab2_GualpaMathias.java</file>
            <file>file:/F:/TERCER%20SEMESTRE/Estructura/Codigos/U1Lab2_GualpaMathias/U1Lab2_GualpaMathias/src/u1lab2_gualpamathias/Pedido.java</file>
        </group>
    </open-files>
</project-private>
